propiedad,descripcion,analisis_inversion,enlace_multimedia,precio
Departamento Amara B605,"Experimente la máxima experiencia de vida costera en uno de los desarrollos residenciales más codiciados de Cancún. Esta impresionante residencia se encuentra en el sexto piso de Amara Cancún y ofrece impresionantes vistas panorámicas del mar Caribe turquesa e Isla Mujeres.
2 amplias recámaras y 2 baños completos con un diseño moderno y abierto.
Un luminoso vestíbulo conduce a una amplia sala de estar y comedor, perfectamente integrado con una cocina totalmente equipada.
Un amplio balcón privado diseñado para relajarse al aire libre mientras disfruta de la brisa del mar.
Persianas antihuracanes de calidad profesional instaladas en todas las ventanas y puertas corredizas para máxima seguridad.
2 estacionamientos independientes.
Amenidades de clase mundial:
Vivir en Amara se siente como unas vacaciones permanentes con acceso a:
Acceso directo a la playa, a una de las costas más prístinas de la zona.
Alberca infinita con vista al mar.
Gimnasio y salón de usos múltiples.
Instalaciones para embarcaciones: Marina seca y fácil acceso por mar o tierra.
Área de juegos infantiles, zonas de asador y palapas con sombra para reuniones sociales. Perfectamente ubicado a la entrada de la Zona Hotelera y Puerto Cancún. No pierdas esta oportunidad de ser dueño de un pedazo de paraíso. ","La inversión en Amara B-605 se fundamenta en la expansión estratégica de Cancún hacia el norte.

La Nueva Zona Hotelera: Esta zona se está consolidando como la extensión natural de la Zona Hotelera actual, pero con una densidad mucho menor y mayor exclusividad.

Conectividad Estratégica: Ya se ha aprobado el proyecto vial que conectará la Av. López Portillo con todo el litoral hasta Isla Blanca. Esta nueva carretera transformará la movilidad de la zona, disparando la plusvalía de los desarrollos con frente de playa como Amara.

Crecimiento de Alto Nivel: A diferencia del centro, el crecimiento hacia Isla Blanca está proyectado para turismo y residencias de lujo, lo que garantiza un perfil de vecino y de inquilino de alto poder adquisitivo.

Ecosistema Irreplicable: Con más de 2 hectáreas de naturaleza preservada y 230 metros de playa, el valor del m² aquí tiende al alza debido a la escasa disponibilidad de terrenos con estas dimensiones frente al mar.","Para ver la galería de fotos, el video tour y los detalles técnicos completos de Amara B-605 visita el sitio web oficial aquí: https://palmarealtors.com/property/oceanfront-apartment-for-sale-6th-floor-sea-view", 8.980.000 MXN 
La Amada Penthouse,"Una residencia única en una exclusiva comunidad con una amplia gama de servicios.
Este lujoso penthouse, completamente amueblado, ofrece amplios interiores, un diseño refinado y una comodidad excepcional, ideal para quienes buscan un hogar sofisticado con servicios de estilo resort. Ubicado en un exclusivo desarrollo de baja densidad, garantiza privacidad, seguridad y acceso directo a una excepcional gama de servicios recreativos.
Con 244.9 m² de espacio bien diseñado, la propiedad cuenta con amplias áreas sociales, dos balcones con vistas excepcionales, obras de arte seleccionadas, mobiliario de primera calidad y acabados de alta gama.
Características de la propiedad
Área total: 244.9 m² 
Recámaras: 2 + 1 cuarto de servicio
Baños: 3 completos + 1 medio baño
Estacionamiento: 1
Piso: 4 (en un edificio de 5 niveles)
Ascensores: 2
Calidad de construcción: Lujo
Cocina: Cocina gourmet totalmente equipada
Bodega privada
Dos amplios balcones
Totalmente amueblado
Excelente estado
Amenidades del resort
5 piscinas
Playa privada y club de playa
Marina dentro del complejo
Campo de golf
Gimnasio
Biblioteca
Salones para eventos y áreas sociales
Estudios/Salones de usos múltiples
Tienda de conveniencia
Canchas de tenis, pádel, baloncesto y fútbol
Áreas de juegos infantiles
Doble cinturón de seguridad
Se admiten mascotas
Ascensores, iluminación y drenaje
Aire acondicionado en toda la propiedad
Obras de arte y mobiliario de primera calidad
La residencia incluye Colección de arte internacional cuidadosamente seleccionada y muebles de alta calidad, con artistas como:
Peter Lik
Shinzaburo Takeda
Clemente Orozco
Piezas de madera talladas a mano, esculturas de bronce, arte en vidrio y más","Invertir en La Amada es apostar por la zona más exclusiva y de menor densidad en el norte de Cancún. Puntos estratégicos: 1. Seguridad Privada: Comunidad cerrada con doble filtro de seguridad 24/7, ideal para perfiles que requieren privacidad total o viajan con escoltas. 2. Infraestructura Náutica: Es uno de los pocos desarrollos que ofrece una marina real para embarcaciones de más de 35 pies. 3. Ubicación de futuro: Se encuentra en el eje del nuevo desarrollo hacia Isla Blanca, pero dentro de un entorno ya consolidado y libre del tráfico de la Zona Hotelera tradicional. El valor por m² se mantiene al alza debido a la escasez de inventario frente a marina. ","Para ver el video tour de la marina, la galería de fotos y la ficha técnica de este Penthouse en La Amada, haz clic aquí:  https://palmarealtors.com/property/stylish-oceanfront-luxury-condo-for-long-term-living", 17.975.000 MXN
Oportunidad de Inversión Comercial - Bacalar,"Oportunidad única de inversión llave en mano en Bacalar. Se trata de un complejo comercial multi-unit que incluye: Restaurante de autor, Pizzería artesanal, Beach Club privado con acceso a la laguna, área de Glamping de lujo y un pequeño Hotel boutique. Todas las unidades están en operación y completamente equipadas. Es un activo diseñado para captar diferentes segmentos del mercado turístico en un solo lugar, maximizando el flujo de caja diario.","El valor de esta propiedad radica en su diversificación operativa. 1. Múltiples fuentes de ingreso: Al combinar hospitalidad (Hotel/Glamping) con consumo (Restaurante/Pizzería/Beach Club), el retorno de inversión es más resiliente. 2. Ubicación Irreplicable: El acceso directo a la laguna (Beach Club) es un activo escaso en Bacalar debido a las estrictas regulaciones ambientales. 3. Due Diligence: La propiedad cuenta con toda la documentación en regla y un avalúo profesional que respalda el precio de venta, asegurando una transacción transparente para inversionistas nacionales o extranjeros (especialmente atractiva para grupos canadienses o estadounidenses).","Para ver la galería de fotos, la distribución del hotel y solicitar el reporte financiero de este complejo en Bacalar, visita: https://palmarealtors.com/property/business-opportunity-in-bacalar","24,000,000 MXN"
"Traspaso de negocio,restaurante en operaciones en Cancun"," Oportunidad de inversión en el sector gastronómico de Cancún. Restaurante completamente equipado y en operación, con una ubicación estratégica que garantiza flujo constante de clientes locales y turistas. La venta incluye el inventario completo, mobiliario de alta calidad, licencias vigentes y una marca consolidada en el mercado. Es un modelo de negocio probado con una estructura de costos optimizada.","Invertir en este restaurante es adquirir un flujo de caja inmediato. Datos clave para el inversionista: 1. Historial Financiero: Contamos con reportes de ventas detallados de los periodos 2023, 2024 y proyecciones 2025 que demuestran la estabilidad del negocio. 2. Retorno de Inversión: Al ser un traspaso con todo el equipo incluido, el inversionista se ahorra la curva de aprendizaje y los altos costos de una apertura desde cero. 3. Ubicación: Situado en una zona con alta visibilidad y fácil acceso, lo que asegura rentabilidad a largo plazo. Ideal para quienes buscan una inversión que califique para trámites migratorios o simplemente diversificar en el sector servicios de Cancún.","Para revisar el inventario , fotos de las instalaciones y solicitar una reunión para ver los estados financieros de este restaurante, visita:  https://palmarealtors.com/property/seize-the-opportunity-now-sale-of-successful-italian-restaurant-and-pizzeria-in-cancun","250,000 USD"
Departamento en Shark Tower,"Descubra un nuevo nivel de lujo en el corazón de Puerto Cancún. Shark Tower se erige como un ícono arquitectónico en México y Latinoamérica, con un impactante diseño en forma de aleta de tiburón que lo distingue de cualquier otro desarrollo en la región. Desde esta ubicación privilegiada, estará rodeado de impresionantes vistas del Mar Caribe, los canales navegables y la marina más moderna de Cancún, a solo unos pasos de su puerta.
Esta excepcional residencia, ubicada en el cuarto piso, ofrece la combinación perfecta de elegancia y funcionalidad. La moderna cocina cuenta con encimeras de piedra natural y una distribución diseñada para la comodidad y el estilo, creando una experiencia culinaria excepcional. Los ventanales de piso a techo llenan el comedor de luz natural, enmarcando espectaculares vistas panorámicas del Caribe.
La recámara es un remanso de paz, bellamente diseñada con vestidor y un baño completo con acabados en piedra natural. También encontrará un baño de visitas, lavandería y una amplia terraza de 40 metros cuadrados con vista al mar turquesa, ideal para relajarse o entretenerse. La residencia incluye una plaza de estacionamiento.
Shark Tower ofrece servicios de primera clase, como piscina infinita, jacuzzi, gimnasio, spa, cancha de pádel, centro de negocios, salón de eventos y un impresionante lounge en la piscina. Su innovador Shark Lab refleja el compromiso del proyecto con la sostenibilidad, destinando una parte de sus ventas a la protección de especies de tiburones en peligro de extinción. ","Shark Tower no es solo una propiedad, es un activo de colección. Puntos clave: . Arquitectura Única: Su diseño en forma de aleta de tiburón le otorga un valor de reconocimiento internacional que protege la inversión.  Sostenibilidad: Cuenta con tecnología para la preservación de agua y energía, lo que reduce costos operativos y atrae al inversionista moderno consciente del medio ambiente.  Ubicación Estratégica: Situada en el corazón de Puerto Cancún, ofrece la mayor seguridad y estatus de la ciudad. Es el activo ideal para quien busca un 'trophy property' con alto potencial de reventa en el mercado global.","Para ver los detalles de la unidad, las amenidades exclusivas de Shark Tower y el video,visita el sitio web oficial aquí: https://palmarealtors.com/property/caribbean-luxury-living-at-shark-tower", 11.950.000 MXN
Woha - Puerto Cancún (Sostenibilidad y Lujo)," Residencias exclusivas de 2 y 3 recámaras que combinan arquitectura sustentable con el estilo de vida de Puerto Cancún. Puntos destacados: Elevadores privados con acceso directo a la unidad, cocinas italianas equipadas con Smeg, ventanas anticiclónicas certificadas (Miami-Dade) y muros con aislamiento acústico. Espacios desde 112 m² hasta 224 m² diseñados para maximizar la luz natural y la ventilación cruzada.""Woha es un desarrollo enfocado en la sustentabilidad y el diseño funcional. Para ver planos de 2 y 3 recámaras, acabados y certificaciones, ","Woha es la inversión inteligente para el comprador consciente del medio ambiente y la eficiencia operativa. Fortalezas:  Bajo Costo de Mantenimiento: Gracias a sus paneles solares para áreas comunes y sistema de recolección de agua, el costo operativo es menor al promedio de la zona.. Seguridad Constructiva: Es de los pocos desarrollos que presume muros de concreto sólido con aislamiento acústico, ofreciendo una privacidad superior. . Amenidades (6,000 m²): Ofrece un equilibrio perfecto para familias y profesionales (Coworking, Spa, Kids Club) dentro de la comunidad más segura y con mayor plusvalía de Cancún. Es un activo con alta demanda de renta a largo plazo por su diseño funcional y moderno.","Para ver los planos de las unidades de 2 y 3 recámaras, la lista de acabados italianos y las certificaciones de sustentabilidad de Woha, visita: https://palmarealtors.com/property/luxury-and-sustainability-in-perfect-harmony","650,000 USD"
Departamento Céntrico - Zona Plaza Las Américas (Alta Demanda)," Encantador y cómodo departamento ubicado en una de las zonas más céntricas, pacíficas y exclusivas de Cancún. Situado en el 3er piso de un condominio boutique de solo 20 unidades, ofrece máxima privacidad y un estilo de vida relajado. Características: 3 amplias recámaras con excelente iluminación natural, 3 baños completos con acabados de calidad, 2 cajones de estacionamiento y elevador. El condominio cuenta con alberca privada y seguridad con acceso controlado.","Esta propiedad representa la inversión ideal por su valor de ubicación y baja densidad. 1. Conectividad Total: A pasos de Plaza Las Américas, escuelas y centros comerciales, lo que garantiza una plusvalía constante y facilidad de renta. 2. Privacidad Boutique: Al ser un edificio de solo 20 departamentos, el desgaste de las áreas comunes es menor y la tranquilidad es superior a los grandes desarrollos. 3. Rentabilidad: Es el producto más buscado para rentas a largo plazo por familias y ejecutivos, lo que asegura un flujo de caja estable con un riesgo operativo mínimo. Es una excelente puerta de entrada al mercado inmobiliario de Cancún.","Para ver las fotos de la alberca, los acabados de las recámaras y la ubicación exacta respecto a Plaza Las Américas, visita: https://palmarealtors.com/property/profitable-apartment-in-a-premium-area",4.250.000 MXN
Local Comercial Flagship - Zona Hotelera (Frente a Laguna Nichupté)," Imponente local comercial de 990 m² distribuidos en 3 niveles, ubicado directamente sobre la Laguna Nichupté en el corazón de la Zona Hotelera de Cancún. El espacio se entrega totalmente libre (vacante), ofreciendo un lienzo en blanco para conceptos de hospitalidad, entretenimiento o restaurantes de lujo. Puntos clave: Ubicación en corredor de alto tráfico turístico, visibilidad inmejorable y acceso directo a la laguna. Se ofrecen 2 meses de gracia para adecuaciones (build-out).","Esta es la ubicación definitiva para una marca que busque presencia global en el Caribe. Ventajas estratégicas: 1. Escala y Visibilidad: Con casi 1,000 m², es uno de los pocos espacios de gran formato disponibles en la Zona Hotelera. 2. Target Turístico: Rodeado de los resorts más importantes, garantiza un flujo constante de clientes de alto poder adquisitivo. 3. Flexibilidad de Proyecto: Al entregarse vacío, permite a grupos restauranteros o de entretenimiento diseñar una experiencia de marca desde cero. Ideal para operadores con experiencia que busquen un Flagship Store o un destino gastronómico icónico frente al atardecer de la laguna.","Para solicitar los planos arquitectónicos, fotos del área de laguna y coordinar una visita técnica para due diligence, visita: https://palmarealtors.com/property/waterfront-restaurant-space-cancun-hotel-zone",25.000 USD
Macrolote para Desarrolladores - Ubicación Estratégica (Uso Mixto),"Oportunidad excepcional para desarrolladores. Terreno de 49,902.82 m² ubicado estratégicamente frente al centro comercial más grande de Latinoamérica. El predio cuenta con MIA aprobada y permisos vigentes para un proyecto de uso mixto. Potencial del proyecto: Ideal para el desarrollo de torres residenciales, oficinas corporativas, un hotel de gran escala y áreas comerciales adicionales. Es uno de los pocos macrolotes ""listos para construir"" en una zona de altísima actividad comercial y turística.","Este activo representa la inversión de menor riesgo administrativo para un desarrollador. Factores críticos de éxito: 1. Permisología: Contar con la MIA y permisos de uso mixto aprobados reduce el tiempo de inicio de obra en al menos 18-24 meses, lo que impacta directamente en la Tasa Interna de Retorno (TIR). 2. Ubicación Triple A: Estar frente al principal polo comercial de la región garantiza el éxito del componente de oficinas y retail. 3. Escalabilidad: Las dimensiones permiten un desarrollo por etapas, optimizando el flujo de capital del inversionista. Es una pieza estratégica para grupos que buscan consolidar un proyecto icónico en el Caribe Mexicano.","Para solicitar el plano de levantamiento, copia de la MIA aprobada y el certificado de uso de suelo detallado, visita: https://palmarealtors.com/property/mix-use-land-with-all-the-permits-and-construction-licences","10,000,000 USD"
